﻿<?xml version="1.0" encoding="utf-8"?>
<Roots xmlns="clr-namespace:Microsoft.Xaml.Tools.XamlCompiler.RootLog;assembly=Microsoft.Windows.UI.Xaml.81.Build.Tasks">
  <Roots.PropertyPathNames>
    <RootPropertyPathName Name="Prompt" />
    <RootPropertyPathName Name="Name" />
    <RootPropertyPathName Name="TileIcon" />
  </Roots.PropertyPathNames>
  <Roots.RootTypes>
    <RootType FullName="Microsoft.Band.Sensors.SensorConsentPage">
      <RootProperty Name="FontSize" />
      <RootProperty Name="Resources" />
      <RootProperty Name="Content" />
    </RootType>
    <RootType FullName="Windows.UI.Color" />
    <RootType FullName="Windows.UI.Xaml.Controls.Grid">
      <RootProperty Name="Children" />
      <RootProperty Name="VerticalAlignment" />
      <RootProperty Name="Background" />
      <RootProperty Name="HorizontalAlignment" />
      <RootProperty Name="Width" />
      <RootProperty Name="Height" />
      <RootProperty Name="Margin" />
    </RootType>
    <RootType FullName="Windows.UI.Xaml.Media.SolidColorBrush">
      <RootProperty Name="Color" />
    </RootType>
    <RootType FullName="Microsoft.Xaml.Tools.DirectUI.ProxyTypes.StaticResourceExtension" />
    <RootType FullName="Windows.UI.Xaml.Controls.StackPanel">
      <RootProperty Name="Margin" />
      <RootProperty Name="Children" />
      <RootProperty Name="Orientation" />
      <RootProperty Name="HorizontalAlignment" />
    </RootType>
    <RootType FullName="Windows.UI.Xaml.Controls.TextBlock">
      <RootProperty Name="Text" />
      <RootProperty Name="HorizontalAlignment" />
      <RootProperty Name="FontSize" />
      <RootProperty Name="Margin" />
      <RootProperty Name="VerticalAlignment" />
    </RootType>
    <RootType FullName="Windows.UI.Xaml.Controls.Button">
      <RootProperty Name="HorizontalAlignment" />
      <RootProperty Name="Width" />
      <RootEvent Name="Click" />
    </RootType>
    <RootType FullName="Windows.UI.Xaml.Data.Binding" />
    <RootType FullName="Microsoft.Band.Sensors.WindowsSensorConsentPage" />
    <RootType FullName="Microsoft.Band.Tiles.AddTilePage">
      <RootProperty Name="FontSize" />
      <RootProperty Name="BorderThickness" />
      <RootProperty Name="BorderBrush" />
      <RootProperty Name="Resources" />
      <RootProperty Name="Content" />
    </RootType>
    <RootType FullName="Windows.UI.Xaml.Controls.Image">
      <RootProperty Name="Source" />
      <RootProperty Name="Stretch" />
    </RootType>
    <RootType FullName="Microsoft.Band.Tiles.WindowsAddTilePage" />
  </Roots.RootTypes>
</Roots>
