﻿<?xml version="1.0" encoding="utf-8"?>
<Roots xmlns="clr-namespace:Microsoft.Xaml.Tools.XamlCompiler.RootLog;assembly=Microsoft.Windows.UI.Xaml.81.Build.Tasks">
  <Roots.PropertyPathNames>
    <RootPropertyPathName Name="Prompt" />
    <RootPropertyPathName Name="Name" />
    <RootPropertyPathName Name="TileIcon" />
  </Roots.PropertyPathNames>
  <Roots.RootTypes>
    <RootType FullName="Microsoft.Band.Sensors.SensorConsentPage">
      <RootProperty Name="Background" />
      <RootProperty Name="Content" />
      <RootProperty Name="BottomAppBar" />
    </RootType>
    <RootType FullName="Microsoft.Xaml.Tools.DirectUI.ProxyTypes.ThemeResourceExtension" />
    <RootType FullName="Windows.UI.Xaml.Controls.Grid">
      <RootProperty Name="Margin" />
      <RootProperty Name="VerticalAlignment" />
      <RootProperty Name="Children" />
      <RootProperty Name="RowDefinitions" />
      <RootProperty Name="HorizontalAlignment" />
      <RootProperty Name="ColumnDefinitions" />
      <RootProperty Name="Width" />
      <RootProperty Name="Height" />
      <RootProperty Name="Background" />
      <RootMethod Name="GetRow" />
      <RootMethod Name="SetRow" />
      <RootMethod Name="GetColumn" />
      <RootMethod Name="SetColumn" />
    </RootType>
    <RootType FullName="Windows.UI.Xaml.Controls.TextBlock">
      <RootProperty Name="Text" />
      <RootProperty Name="HorizontalAlignment" />
      <RootProperty Name="Style" />
      <RootProperty Name="Margin" />
      <RootProperty Name="VerticalAlignment" />
    </RootType>
    <RootType FullName="Windows.UI.Xaml.Data.Binding" />
    <RootType FullName="Windows.UI.Xaml.Controls.CommandBar">
      <RootProperty Name="PrimaryCommands" />
    </RootType>
    <RootType FullName="Windows.UI.Xaml.Controls.AppBarButton">
      <RootProperty Name="Icon" />
      <RootEvent Name="Click" />
    </RootType>
    <RootType FullName="Microsoft.Band.Sensors.PhoneSensorConsentPage" />
    <RootType FullName="Microsoft.Band.Tiles.AddTilePage">
      <RootProperty Name="Background" />
      <RootProperty Name="Resources" />
      <RootProperty Name="Content" />
      <RootProperty Name="BottomAppBar" />
    </RootType>
    <RootType FullName="Windows.UI.Color" />
    <RootType FullName="Windows.UI.Xaml.Controls.RowDefinition">
      <RootProperty Name="Height" />
    </RootType>
    <RootType FullName="Windows.UI.Xaml.Shapes.Rectangle">
      <RootProperty Name="Fill" />
      <RootProperty Name="Height" />
      <RootProperty Name="Margin" />
    </RootType>
    <RootType FullName="Windows.UI.Xaml.Controls.ColumnDefinition">
      <RootProperty Name="Width" />
    </RootType>
    <RootType FullName="Windows.UI.Xaml.Media.SolidColorBrush">
      <RootProperty Name="Color" />
    </RootType>
    <RootType FullName="Microsoft.Xaml.Tools.DirectUI.ProxyTypes.StaticResourceExtension" />
    <RootType FullName="Windows.UI.Xaml.Controls.Image">
      <RootProperty Name="Source" />
      <RootProperty Name="Stretch" />
    </RootType>
    <RootType FullName="Microsoft.Band.Tiles.PhoneAddTilePage" />
  </Roots.RootTypes>
</Roots>
